age_BP,T_anomaly,Code,Location,Reference,Proxy_type,Notes
513.00,-1.53,1,HalaSultan,Kaniewskietal2020,Pollen,
537.00,-1.28,1,HalaSultan,Kaniewskietal2020,Pollen,
562.00,-0.07,1,HalaSultan,Kaniewskietal2020,Pollen,
592.00,-0.08,1,HalaSultan,Kaniewskietal2020,Pollen,
623.00,-1.58,1,HalaSultan,Kaniewskietal2020,Pollen,
675.00,0.72,1,HalaSultan,Kaniewskietal2020,Pollen,
691.00,-0.17,1,HalaSultan,Kaniewskietal2020,Pollen,
710.00,0.40,1,HalaSultan,Kaniewskietal2020,Pollen,
730.00,-0.42,1,HalaSultan,Kaniewskietal2020,Pollen,
842.00,-0.97,1,HalaSultan,Kaniewskietal2020,Pollen,
955.00,-0.41,1,HalaSultan,Kaniewskietal2020,Pollen,
1067.00,0.62,1,HalaSultan,Kaniewskietal2020,Pollen,
1123.00,0.82,1,HalaSultan,Kaniewskietal2020,Pollen,
1179.00,-0.13,1,HalaSultan,Kaniewskietal2020,Pollen,
1404.00,-1.03,1,HalaSultan,Kaniewskietal2020,Pollen,
1685.00,-0.79,1,HalaSultan,Kaniewskietal2020,Pollen,
1741.00,-1.73,1,HalaSultan,Kaniewskietal2020,Pollen,
1853.00,-0.80,1,HalaSultan,Kaniewskietal2020,Pollen,
1966.00,-0.61,1,HalaSultan,Kaniewskietal2020,Pollen,
2078.00,-0.80,1,HalaSultan,Kaniewskietal2020,Pollen,
2190.00,-0.22,1,HalaSultan,Kaniewskietal2020,Pollen,
2303.00,-0.86,1,HalaSultan,Kaniewskietal2020,Pollen,
2415.00,0.79,1,HalaSultan,Kaniewskietal2020,Pollen,
2527.00,-0.14,1,HalaSultan,Kaniewskietal2020,Pollen,
2584.00,-0.43,1,HalaSultan,Kaniewskietal2020,Pollen,
2640.00,-0.22,1,HalaSultan,Kaniewskietal2020,Pollen,
2707.00,-0.25,1,HalaSultan,Kaniewskietal2020,Pollen,
2741.00,0.13,1,HalaSultan,Kaniewskietal2020,Pollen,
2808.00,-1.08,1,HalaSultan,Kaniewskietal2020,Pollen,
2864.00,-2.33,1,HalaSultan,Kaniewskietal2020,Pollen,
2943.00,-0.58,1,HalaSultan,Kaniewskietal2020,Pollen,
2977.00,-0.79,1,HalaSultan,Kaniewskietal2020,Pollen,
3201.00,-2.55,1,HalaSultan,Kaniewskietal2020,Pollen,
3258.00,0.27,1,HalaSultan,Kaniewskietal2020,Pollen,
3290.00,-0.05,1,HalaSultan,Kaniewskietal2020,Pollen,
3308.00,0.70,1,HalaSultan,Kaniewskietal2020,Pollen,
3325.00,-0.50,1,HalaSultan,Kaniewskietal2020,Pollen,
3343.00,0.34,1,HalaSultan,Kaniewskietal2020,Pollen,
3360.00,1.15,1,HalaSultan,Kaniewskietal2020,Pollen,
3378.00,1.24,1,HalaSultan,Kaniewskietal2020,Pollen,
3395.00,0.97,1,HalaSultan,Kaniewskietal2020,Pollen,
3413.00,0.46,1,HalaSultan,Kaniewskietal2020,Pollen,
3430.00,1.41,1,HalaSultan,Kaniewskietal2020,Pollen,
3448.00,1.31,1,HalaSultan,Kaniewskietal2020,Pollen,
3465.00,0.53,1,HalaSultan,Kaniewskietal2020,Pollen,
3483.00,0.17,1,HalaSultan,Kaniewskietal2020,Pollen,
3500.00,0.38,1,HalaSultan,Kaniewskietal2020,Pollen,
3513.00,-0.04,1,HalaSultan,Kaniewskietal2020,Pollen,
3527.00,0.22,1,HalaSultan,Kaniewskietal2020,Pollen,
3540.00,1.04,1,HalaSultan,Kaniewskietal2020,Pollen,
3581.00,0.98,1,HalaSultan,Kaniewskietal2020,Pollen,
3622.00,0.22,1,HalaSultan,Kaniewskietal2020,Pollen,
3663.00,-0.06,1,HalaSultan,Kaniewskietal2020,Pollen,
3704.00,0.32,1,HalaSultan,Kaniewskietal2020,Pollen,
3746.00,-0.18,1,HalaSultan,Kaniewskietal2020,Pollen,
3787.00,0.52,1,HalaSultan,Kaniewskietal2020,Pollen,
3828.00,0.34,1,HalaSultan,Kaniewskietal2020,Pollen,
3869.00,0.72,1,HalaSultan,Kaniewskietal2020,Pollen,
3910.00,0.21,1,HalaSultan,Kaniewskietal2020,Pollen,
3961.00,-0.99,1,HalaSultan,Kaniewskietal2020,Pollen,
4011.00,-1.73,1,HalaSultan,Kaniewskietal2020,Pollen,
4062.00,-1.96,1,HalaSultan,Kaniewskietal2020,Pollen,
4113.00,-1.90,1,HalaSultan,Kaniewskietal2020,Pollen,
4163.00,-2.08,1,HalaSultan,Kaniewskietal2020,Pollen,
4214.00,-2.67,1,HalaSultan,Kaniewskietal2020,Pollen,
4264.00,-0.65,1,HalaSultan,Kaniewskietal2020,Pollen,
4315.00,-0.50,1,HalaSultan,Kaniewskietal2020,Pollen,
4335.00,-0.37,1,HalaSultan,Kaniewskietal2020,Pollen,
4355.00,-0.36,1,HalaSultan,Kaniewskietal2020,Pollen,
4375.00,0.34,1,HalaSultan,Kaniewskietal2020,Pollen,
4395.00,-0.26,1,HalaSultan,Kaniewskietal2020,Pollen,
4415.00,0.12,1,HalaSultan,Kaniewskietal2020,Pollen,
4435.00,0.03,1,HalaSultan,Kaniewskietal2020,Pollen,
4455.00,0.20,1,HalaSultan,Kaniewskietal2020,Pollen,
4475.00,0.21,1,HalaSultan,Kaniewskietal2020,Pollen,
4495.00,-0.13,1,HalaSultan,Kaniewskietal2020,Pollen,
4515.00,-0.16,1,HalaSultan,Kaniewskietal2020,Pollen,
4535.00,-0.43,1,HalaSultan,Kaniewskietal2020,Pollen,
4555.00,-0.07,1,HalaSultan,Kaniewskietal2020,Pollen,
4575.00,-0.28,1,HalaSultan,Kaniewskietal2020,Pollen,
4595.00,-0.05,1,HalaSultan,Kaniewskietal2020,Pollen,
4615.00,-0.08,1,HalaSultan,Kaniewskietal2020,Pollen,
4635.00,-0.38,1,HalaSultan,Kaniewskietal2020,Pollen,
4655.00,-0.93,1,HalaSultan,Kaniewskietal2020,Pollen,
4675.00,-1.13,1,HalaSultan,Kaniewskietal2020,Pollen,
4691.00,-0.64,1,HalaSultan,Kaniewskietal2020,Pollen,
4708.00,-1.18,1,HalaSultan,Kaniewskietal2020,Pollen,
4724.00,-1.11,1,HalaSultan,Kaniewskietal2020,Pollen,
4741.00,-0.39,1,HalaSultan,Kaniewskietal2020,Pollen,
4757.00,-0.29,1,HalaSultan,Kaniewskietal2020,Pollen,
4774.00,-0.72,1,HalaSultan,Kaniewskietal2020,Pollen,
4790.00,-0.62,1,HalaSultan,Kaniewskietal2020,Pollen,
4807.00,-1.65,1,HalaSultan,Kaniewskietal2020,Pollen,
4823.00,-1.37,1,HalaSultan,Kaniewskietal2020,Pollen,
4840.00,-1.18,1,HalaSultan,Kaniewskietal2020,Pollen,
4856.00,-1.28,1,HalaSultan,Kaniewskietal2020,Pollen,
4873.00,-1.15,1,HalaSultan,Kaniewskietal2020,Pollen,
4889.00,-1.12,1,HalaSultan,Kaniewskietal2020,Pollen,
4906.00,-1.77,1,HalaSultan,Kaniewskietal2020,Pollen,
4922.00,-0.92,1,HalaSultan,Kaniewskietal2020,Pollen,
4939.00,-1.22,1,HalaSultan,Kaniewskietal2020,Pollen,
4955.00,-1.00,1,HalaSultan,Kaniewskietal2020,Pollen,
4972.00,-0.73,1,HalaSultan,Kaniewskietal2020,Pollen,
4988.00,-0.42,1,HalaSultan,Kaniewskietal2020,Pollen,
5005.00,-0.80,1,HalaSultan,Kaniewskietal2020,Pollen,
5021.00,-0.30,1,HalaSultan,Kaniewskietal2020,Pollen,
5038.00,-0.88,1,HalaSultan,Kaniewskietal2020,Pollen,
5054.00,-0.64,1,HalaSultan,Kaniewskietal2020,Pollen,
5071.00,-0.85,1,HalaSultan,Kaniewskietal2020,Pollen,
5087.00,-1.74,1,HalaSultan,Kaniewskietal2020,Pollen,
5104.00,-2.02,1,HalaSultan,Kaniewskietal2020,Pollen,
5120.00,-2.19,1,HalaSultan,Kaniewskietal2020,Pollen,
5136.00,-1.89,1,HalaSultan,Kaniewskietal2020,Pollen,
5153.00,-1.88,1,HalaSultan,Kaniewskietal2020,Pollen,
5169.00,-2.45,1,HalaSultan,Kaniewskietal2020,Pollen,
5186.00,-2.67,1,HalaSultan,Kaniewskietal2020,Pollen,
5202.00,-2.58,1,HalaSultan,Kaniewskietal2020,Pollen,
5219.00,-2.92,1,HalaSultan,Kaniewskietal2020,Pollen,
5235.00,-2.34,1,HalaSultan,Kaniewskietal2020,Pollen,
5252.00,-3.03,1,HalaSultan,Kaniewskietal2020,Pollen,
5268.00,-2.83,1,HalaSultan,Kaniewskietal2020,Pollen,
5285.00,-1.93,1,HalaSultan,Kaniewskietal2020,Pollen,
5301.00,-2.30,1,HalaSultan,Kaniewskietal2020,Pollen,
5318.00,-1.66,1,HalaSultan,Kaniewskietal2020,Pollen,
5334.00,-1.58,1,HalaSultan,Kaniewskietal2020,Pollen,
5351.00,-1.58,1,HalaSultan,Kaniewskietal2020,Pollen,
5367.00,-2.60,1,HalaSultan,Kaniewskietal2020,Pollen,
5384.00,-2.27,1,HalaSultan,Kaniewskietal2020,Pollen,
5400.00,-2.43,1,HalaSultan,Kaniewskietal2020,Pollen,
5417.00,-1.83,1,HalaSultan,Kaniewskietal2020,Pollen,
5433.00,-2.45,1,HalaSultan,Kaniewskietal2020,Pollen,
5450.00,-1.69,1,HalaSultan,Kaniewskietal2020,Pollen,
5466.00,-1.93,1,HalaSultan,Kaniewskietal2020,Pollen,
5483.00,-2.18,1,HalaSultan,Kaniewskietal2020,Pollen,
5499.00,-2.15,1,HalaSultan,Kaniewskietal2020,Pollen,
5516.00,-2.70,1,HalaSultan,Kaniewskietal2020,Pollen,
5532.00,-2.03,1,HalaSultan,Kaniewskietal2020,Pollen,
5549.00,-2.40,1,HalaSultan,Kaniewskietal2020,Pollen,
5565.00,-2.68,1,HalaSultan,Kaniewskietal2020,Pollen,
5581.00,-1.93,1,HalaSultan,Kaniewskietal2020,Pollen,
5598.00,-2.89,1,HalaSultan,Kaniewskietal2020,Pollen,
5614.00,-2.27,1,HalaSultan,Kaniewskietal2020,Pollen,
5631.00,-1.74,1,HalaSultan,Kaniewskietal2020,Pollen,
5647.00,-2.00,1,HalaSultan,Kaniewskietal2020,Pollen,
5664.00,-2.14,1,HalaSultan,Kaniewskietal2020,Pollen,
5680.00,-3.14,1,HalaSultan,Kaniewskietal2020,Pollen,
5697.00,-2.62,1,HalaSultan,Kaniewskietal2020,Pollen,
5713.00,-3.04,1,HalaSultan,Kaniewskietal2020,Pollen,
5730.00,-1.88,1,HalaSultan,Kaniewskietal2020,Pollen,
5746.00,-2.31,1,HalaSultan,Kaniewskietal2020,Pollen,
50.00,0.00,2,Akko,Kaniewskietal2013,Pollen,
82.00,0.50,2,Akko,Kaniewskietal2013,Pollen,
170.00,-1.40,2,Akko,Kaniewskietal2013,Pollen,
327.00,1.10,2,Akko,Kaniewskietal2013,Pollen,
432.00,0.28,2,Akko,Kaniewskietal2013,Pollen,
537.00,0.50,2,Akko,Kaniewskietal2013,Pollen,
641.00,-0.41,2,Akko,Kaniewskietal2013,Pollen,
746.00,-3.67,2,Akko,Kaniewskietal2013,Pollen,
851.00,-6.29,2,Akko,Kaniewskietal2013,Pollen,
956.00,-1.45,2,Akko,Kaniewskietal2013,Pollen,
1060.00,0.21,2,Akko,Kaniewskietal2013,Pollen,
1165.00,-3.22,2,Akko,Kaniewskietal2013,Pollen,
1270.00,-1.96,2,Akko,Kaniewskietal2013,Pollen,
1369.00,-2.03,2,Akko,Kaniewskietal2013,Pollen,
1469.00,-0.69,2,Akko,Kaniewskietal2013,Pollen,
1568.00,-0.70,2,Akko,Kaniewskietal2013,Pollen,
1668.00,-4.88,2,Akko,Kaniewskietal2013,Pollen,
1767.00,-0.24,2,Akko,Kaniewskietal2013,Pollen,
1866.00,-3.51,2,Akko,Kaniewskietal2013,Pollen,
1966.00,-8.22,2,Akko,Kaniewskietal2013,Pollen,
2065.00,-3.10,2,Akko,Kaniewskietal2013,Pollen,
2164.00,-3.77,2,Akko,Kaniewskietal2013,Pollen,
2264.00,-1.72,2,Akko,Kaniewskietal2013,Pollen,
2363.00,-4.15,2,Akko,Kaniewskietal2013,Pollen,
2463.00,-1.21,2,Akko,Kaniewskietal2013,Pollen,
2562.00,-7.07,2,Akko,Kaniewskietal2013,Pollen,
2661.00,-0.05,2,Akko,Kaniewskietal2013,Pollen,
2761.00,-0.17,2,Akko,Kaniewskietal2013,Pollen,
2860.00,-0.25,2,Akko,Kaniewskietal2013,Pollen,
2960.00,-1.40,2,Akko,Kaniewskietal2013,Pollen,
3060.00,0.54,2,Akko,Kaniewskietal2013,Pollen,
3160.00,0.30,2,Akko,Kaniewskietal2013,Pollen,
3260.00,-0.02,2,Akko,Kaniewskietal2013,Pollen,
3360.00,0.89,2,Akko,Kaniewskietal2013,Pollen,
3460.00,-8.12,2,Akko,Kaniewskietal2013,Pollen,
3560.00,-2.06,2,Akko,Kaniewskietal2013,Pollen,
3660.00,-0.68,2,Akko,Kaniewskietal2013,Pollen,
3760.00,-4.56,2,Akko,Kaniewskietal2013,Pollen,
3860.00,-5.24,2,Akko,Kaniewskietal2013,Pollen,
3960.00,-4.78,2,Akko,Kaniewskietal2013,Pollen,
4060.00,0.45,2,Akko,Kaniewskietal2013,Pollen,
4160.00,1.45,2,Akko,Kaniewskietal2013,Pollen,
4260.00,1.25,2,Akko,Kaniewskietal2013,Pollen,
4360.00,0.73,2,Akko,Kaniewskietal2013,Pollen,
4460.00,-2.94,2,Akko,Kaniewskietal2013,Pollen,
4560.00,-0.94,2,Akko,Kaniewskietal2013,Pollen,
4660.00,-2.18,2,Akko,Kaniewskietal2013,Pollen,
4760.00,0.17,2,Akko,Kaniewskietal2013,Pollen,
4860.00,-4.02,2,Akko,Kaniewskietal2013,Pollen,
4911.00,-1.98,2,Akko,Kaniewskietal2013,Pollen,
4962.00,-2.10,2,Akko,Kaniewskietal2013,Pollen,
5013.00,-4.75,2,Akko,Kaniewskietal2013,Pollen,
5064.00,-4.23,2,Akko,Kaniewskietal2013,Pollen,
5115.00,1.00,2,Akko,Kaniewskietal2013,Pollen,
5166.00,0.84,2,Akko,Kaniewskietal2013,Pollen,
5217.00,1.01,2,Akko,Kaniewskietal2013,Pollen,
5268.00,-0.01,2,Akko,Kaniewskietal2013,Pollen,
5319.00,0.69,2,Akko,Kaniewskietal2013,Pollen,
5370.00,-0.35,2,Akko,Kaniewskietal2013,Pollen,
5420.00,-5.30,2,Akko,Kaniewskietal2013,Pollen,
5471.00,-1.97,2,Akko,Kaniewskietal2013,Pollen,
5522.00,-2.21,2,Akko,Kaniewskietal2013,Pollen,
5573.00,1.20,2,Akko,Kaniewskietal2013,Pollen,
5624.00,0.47,2,Akko,Kaniewskietal2013,Pollen,
5675.00,0.54,2,Akko,Kaniewskietal2013,Pollen,
5726.00,-7.58,2,Akko,Kaniewskietal2013,Pollen,
5777.00,-1.88,2,Akko,Kaniewskietal2013,Pollen,
5828.00,-6.55,2,Akko,Kaniewskietal2013,Pollen,
5879.00,-0.17,2,Akko,Kaniewskietal2013,Pollen,
5930.00,-0.81,2,Akko,Kaniewskietal2013,Pollen,
7.00,0.43,3,Jableh,Kaniewskietal2019,Pollen,Avgof3valuesfor20thcent
21.00,-0.18,3,Jableh,Kaniewskietal2019,Pollen,
41.00,-0.24,3,Jableh,Kaniewskietal2019,Pollen,
62.00,1.28,3,Jableh,Kaniewskietal2019,Pollen,
83.00,0.38,3,Jableh,Kaniewskietal2019,Pollen,
96.00,0.63,3,Jableh,Kaniewskietal2019,Pollen,
117.00,0.38,3,Jableh,Kaniewskietal2019,Pollen,
134.00,1.23,3,Jableh,Kaniewskietal2019,Pollen,
148.00,0.29,3,Jableh,Kaniewskietal2019,Pollen,
165.00,0.38,3,Jableh,Kaniewskietal2019,Pollen,
186.00,0.68,3,Jableh,Kaniewskietal2019,Pollen,
207.00,0.38,3,Jableh,Kaniewskietal2019,Pollen,
227.00,-0.16,3,Jableh,Kaniewskietal2019,Pollen,
248.00,0.38,3,Jableh,Kaniewskietal2019,Pollen,
269.00,1.43,3,Jableh,Kaniewskietal2019,Pollen,
289.00,0.38,3,Jableh,Kaniewskietal2019,Pollen,
310.00,0.71,3,Jableh,Kaniewskietal2019,Pollen,
375.00,0.29,3,Jableh,Kaniewskietal2019,Pollen,
453.00,-0.24,3,Jableh,Kaniewskietal2019,Pollen,
531.00,-0.18,3,Jableh,Kaniewskietal2019,Pollen,
635.00,-0.16,3,Jableh,Kaniewskietal2019,Pollen,
687.00,-0.18,3,Jableh,Kaniewskietal2019,Pollen,
765.00,1.83,3,Jableh,Kaniewskietal2019,Pollen,
775.00,0.61,3,Jableh,Kaniewskietal2019,Pollen,
784.00,0.68,3,Jableh,Kaniewskietal2019,Pollen,
794.00,0.98,3,Jableh,Kaniewskietal2019,Pollen,
803.00,1.60,3,Jableh,Kaniewskietal2019,Pollen,
813.00,0.98,3,Jableh,Kaniewskietal2019,Pollen,
822.00,1.83,3,Jableh,Kaniewskietal2019,Pollen,
832.00,-0.24,3,Jableh,Kaniewskietal2019,Pollen,
842.00,0.95,3,Jableh,Kaniewskietal2019,Pollen,
851.00,1.28,3,Jableh,Kaniewskietal2019,Pollen,
861.00,1.18,3,Jableh,Kaniewskietal2019,Pollen,
870.00,1.68,3,Jableh,Kaniewskietal2019,Pollen,
880.00,1.18,3,Jableh,Kaniewskietal2019,Pollen,
889.00,1.18,3,Jableh,Kaniewskietal2019,Pollen,
899.00,1.60,3,Jableh,Kaniewskietal2019,Pollen,
909.00,2.52,3,Jableh,Kaniewskietal2019,Pollen,
918.00,1.83,3,Jableh,Kaniewskietal2019,Pollen,
928.00,1.83,3,Jableh,Kaniewskietal2019,Pollen,
936.00,1.82,3,Jableh,Kaniewskietal2019,Pollen,
944.00,1.97,3,Jableh,Kaniewskietal2019,Pollen,
953.00,1.43,3,Jableh,Kaniewskietal2019,Pollen,
963.00,1.33,3,Jableh,Kaniewskietal2019,Pollen,
972.00,-0.16,3,Jableh,Kaniewskietal2019,Pollen,
982.00,1.43,3,Jableh,Kaniewskietal2019,Pollen,
990.00,1.39,3,Jableh,Kaniewskietal2019,Pollen,
998.00,1.32,3,Jableh,Kaniewskietal2019,Pollen,
1008.00,0.29,3,Jableh,Kaniewskietal2019,Pollen,
1017.00,1.01,3,Jableh,Kaniewskietal2019,Pollen,
1027.00,1.33,3,Jableh,Kaniewskietal2019,Pollen,
1036.00,0.75,3,Jableh,Kaniewskietal2019,Pollen,
1046.00,0.90,3,Jableh,Kaniewskietal2019,Pollen,
1055.00,1.23,3,Jableh,Kaniewskietal2019,Pollen,
1065.00,0.59,3,Jableh,Kaniewskietal2019,Pollen,
1075.00,1.53,3,Jableh,Kaniewskietal2019,Pollen,
1084.00,1.76,3,Jableh,Kaniewskietal2019,Pollen,
1094.00,0.43,3,Jableh,Kaniewskietal2019,Pollen,
1155.00,0.35,3,Jableh,Kaniewskietal2019,Pollen,
1218.00,-0.41,3,Jableh,Kaniewskietal2019,Pollen,
1280.00,-0.06,3,Jableh,Kaniewskietal2019,Pollen,
1300.00,-0.03,3,Jableh,Kaniewskietal2019,Pollen,
1362.00,0.82,3,Jableh,Kaniewskietal2019,Pollen,
1425.00,0.68,3,Jableh,Kaniewskietal2019,Pollen,
1487.00,0.19,3,Jableh,Kaniewskietal2019,Pollen,
1549.00,0.42,3,Jableh,Kaniewskietal2019,Pollen,
2456.00,0.88,3,Jableh,Kaniewskietal2019,Pollen,
2467.00,0.69,3,Jableh,Kaniewskietal2019,Pollen,
2478.00,1.50,3,Jableh,Kaniewskietal2019,Pollen,
2489.00,2.58,3,Jableh,Kaniewskietal2019,Pollen,
2500.00,1.66,3,Jableh,Kaniewskietal2019,Pollen,
2511.00,1.85,3,Jableh,Kaniewskietal2019,Pollen,
2522.00,2.31,3,Jableh,Kaniewskietal2019,Pollen,
2533.00,1.88,3,Jableh,Kaniewskietal2019,Pollen,
2544.00,2.29,3,Jableh,Kaniewskietal2019,Pollen,
2555.00,2.60,3,Jableh,Kaniewskietal2019,Pollen,
2566.00,2.33,3,Jableh,Kaniewskietal2019,Pollen,
2582.00,2.26,3,Jableh,Kaniewskietal2019,Pollen,
2593.00,2.40,3,Jableh,Kaniewskietal2019,Pollen,
2604.00,2.59,3,Jableh,Kaniewskietal2019,Pollen,
2615.00,2.18,3,Jableh,Kaniewskietal2019,Pollen,
2631.00,1.89,3,Jableh,Kaniewskietal2019,Pollen,
2642.00,2.23,3,Jableh,Kaniewskietal2019,Pollen,
2653.00,2.49,3,Jableh,Kaniewskietal2019,Pollen,
2664.00,2.30,3,Jableh,Kaniewskietal2019,Pollen,
2675.00,2.07,3,Jableh,Kaniewskietal2019,Pollen,
2686.00,0.97,3,Jableh,Kaniewskietal2019,Pollen,
2719.00,1.51,3,Jableh,Kaniewskietal2019,Pollen,
2750.00,2.31,3,Jableh,Kaniewskietal2019,Pollen,
2752.00,2.69,3,Jableh,Kaniewskietal2019,Pollen,
2754.00,2.30,3,Jableh,Kaniewskietal2019,Pollen,
2756.00,2.43,3,Jableh,Kaniewskietal2019,Pollen,
2760.00,2.16,3,Jableh,Kaniewskietal2019,Pollen,
2763.00,1.97,3,Jableh,Kaniewskietal2019,Pollen,
2765.00,2.26,3,Jableh,Kaniewskietal2019,Pollen,
2769.00,2.48,3,Jableh,Kaniewskietal2019,Pollen,
2773.00,2.11,3,Jableh,Kaniewskietal2019,Pollen,
2774.00,1.87,3,Jableh,Kaniewskietal2019,Pollen,
2778.00,2.26,3,Jableh,Kaniewskietal2019,Pollen,
2782.00,1.82,3,Jableh,Kaniewskietal2019,Pollen,
2784.00,1.88,3,Jableh,Kaniewskietal2019,Pollen,
2786.00,1.96,3,Jableh,Kaniewskietal2019,Pollen,
2790.00,1.04,3,Jableh,Kaniewskietal2019,Pollen,
2795.00,1.07,3,Jableh,Kaniewskietal2019,Pollen,
2806.00,-0.95,3,Jableh,Kaniewskietal2019,Pollen,
2808.00,-0.97,3,Jableh,Kaniewskietal2019,Pollen,
2817.00,0.73,3,Jableh,Kaniewskietal2019,Pollen,
2826.00,-0.42,3,Jableh,Kaniewskietal2019,Pollen,
2828.00,0.18,3,Jableh,Kaniewskietal2019,Pollen,
2833.00,0.63,3,Jableh,Kaniewskietal2019,Pollen,
2839.00,1.78,3,Jableh,Kaniewskietal2019,Pollen,
2850.00,0.37,3,Jableh,Kaniewskietal2019,Pollen,
2859.00,-2.06,3,Jableh,Kaniewskietal2019,Pollen,
2861.00,-2.06,3,Jableh,Kaniewskietal2019,Pollen,
2871.00,-1.43,3,Jableh,Kaniewskietal2019,Pollen,
2874.00,-1.49,3,Jableh,Kaniewskietal2019,Pollen,
2882.00,0.64,3,Jableh,Kaniewskietal2019,Pollen,
2892.00,0.18,3,Jableh,Kaniewskietal2019,Pollen,
2893.00,1.33,3,Jableh,Kaniewskietal2019,Pollen,
2897.00,0.60,3,Jableh,Kaniewskietal2019,Pollen,
2903.00,1.45,3,Jableh,Kaniewskietal2019,Pollen,
2905.00,1.28,3,Jableh,Kaniewskietal2019,Pollen,
2919.00,1.74,3,Jableh,Kaniewskietal2019,Pollen,
2936.00,3.58,3,Jableh,Kaniewskietal2019,Pollen,
2952.00,3.15,3,Jableh,Kaniewskietal2019,Pollen,
2968.00,2.25,3,Jableh,Kaniewskietal2019,Pollen,
3000.00,2.05,3,Jableh,Kaniewskietal2019,Pollen,
3010.00,0.48,3,Jableh,Kaniewskietal2019,Pollen,
3021.00,0.45,3,Jableh,Kaniewskietal2019,Pollen,
3035.00,1.01,3,Jableh,Kaniewskietal2019,Pollen,
3042.00,0.95,3,Jableh,Kaniewskietal2019,Pollen,
3053.00,3.38,3,Jableh,Kaniewskietal2019,Pollen,
3064.00,3.42,3,Jableh,Kaniewskietal2019,Pollen,
3107.00,3.01,3,Jableh,Kaniewskietal2019,Pollen,
3117.00,3.08,3,Jableh,Kaniewskietal2019,Pollen,
3128.00,3.63,3,Jableh,Kaniewskietal2019,Pollen,
3139.00,3.66,3,Jableh,Kaniewskietal2019,Pollen,
3149.00,3.88,3,Jableh,Kaniewskietal2019,Pollen,
3160.00,3.77,3,Jableh,Kaniewskietal2019,Pollen,
3279.00,3.72,3,Jableh,Kaniewskietal2019,Pollen,
3456.00,3.57,3,Jableh,Kaniewskietal2019,Pollen,
3634.00,3.68,3,Jableh,Kaniewskietal2019,Pollen,
3812.00,3.67,3,Jableh,Kaniewskietal2019,Pollen,
3990.00,3.71,3,Jableh,Kaniewskietal2019,Pollen,
4041.00,3.68,3,Jableh,Kaniewskietal2019,Pollen,
4080.00,1.92,3,Jableh,Kaniewskietal2019,Pollen,
4119.00,2.02,3,Jableh,Kaniewskietal2019,Pollen,
1.52,1.04,4,Koycegiz,Kaufmanetal2020,Pollen,Avgof2valuesfor20thcent
29.96,-1.04,4,Koycegiz,Kaufmanetal2020,Pollen,
86.86,-1.04,4,Koycegiz,Kaufmanetal2020,Pollen,
143.75,1.84,4,Koycegiz,Kaufmanetal2020,Pollen,
200.64,-0.48,4,Koycegiz,Kaufmanetal2020,Pollen,
257.53,-0.09,4,Koycegiz,Kaufmanetal2020,Pollen,
314.43,-1.89,4,Koycegiz,Kaufmanetal2020,Pollen,
371.32,-1.76,4,Koycegiz,Kaufmanetal2020,Pollen,
485.10,-0.96,4,Koycegiz,Kaufmanetal2020,Pollen,
605.61,-4.30,4,Koycegiz,Kaufmanetal2020,Pollen,
697.67,-1.05,4,Koycegiz,Kaufmanetal2020,Pollen,
835.76,-1.15,4,Koycegiz,Kaufmanetal2020,Pollen,
927.83,-0.45,4,Koycegiz,Kaufmanetal2020,Pollen,
1111.95,7.22,4,Koycegiz,Kaufmanetal2020,Pollen,
1296.07,7.22,4,Koycegiz,Kaufmanetal2020,Pollen,
1489.40,0.00,4,Koycegiz,Kaufmanetal2020,Pollen,
1664.32,3.71,4,Koycegiz,Kaufmanetal2020,Pollen,
1894.48,3.54,4,Koycegiz,Kaufmanetal2020,Pollen,
2032.57,0.75,4,Koycegiz,Kaufmanetal2020,Pollen,
2216.69,3.04,4,Koycegiz,Kaufmanetal2020,Pollen,
2446.85,3.53,4,Koycegiz,Kaufmanetal2020,Pollen,
2584.94,3.53,4,Koycegiz,Kaufmanetal2020,Pollen,
2677.00,6.10,4,Koycegiz,Kaufmanetal2020,Pollen,
2769.06,7.91,4,Koycegiz,Kaufmanetal2020,Pollen,
2861.12,2.89,4,Koycegiz,Kaufmanetal2020,Pollen,
2953.19,4.19,4,Koycegiz,Kaufmanetal2020,Pollen,
3045.25,3.52,4,Koycegiz,Kaufmanetal2020,Pollen,
3137.31,1.58,4,Koycegiz,Kaufmanetal2020,Pollen,
3229.37,3.79,4,Koycegiz,Kaufmanetal2020,Pollen,
3321.43,3.79,4,Koycegiz,Kaufmanetal2020,Pollen,
3459.53,3.46,4,Koycegiz,Kaufmanetal2020,Pollen,
3597.62,3.29,4,Koycegiz,Kaufmanetal2020,Pollen,
3689.68,-1.31,4,Koycegiz,Kaufmanetal2020,Pollen,
3873.81,5.13,4,Koycegiz,Kaufmanetal2020,Pollen,
3965.87,6.84,4,Koycegiz,Kaufmanetal2020,Pollen,
4057.93,5.05,4,Koycegiz,Kaufmanetal2020,Pollen,
4334.12,2.23,4,Koycegiz,Kaufmanetal2020,Pollen,
4426.18,5.17,4,Koycegiz,Kaufmanetal2020,Pollen,
4610.30,3.82,4,Koycegiz,Kaufmanetal2020,Pollen,
4748.39,1.36,4,Koycegiz,Kaufmanetal2020,Pollen,
4886.49,-1.23,4,Koycegiz,Kaufmanetal2020,Pollen,
4978.55,5.13,4,Koycegiz,Kaufmanetal2020,Pollen,
5070.61,-0.79,4,Koycegiz,Kaufmanetal2020,Pollen,
5162.67,1.83,4,Koycegiz,Kaufmanetal2020,Pollen,
5254.73,0.93,4,Koycegiz,Kaufmanetal2020,Pollen,
5346.80,5.30,4,Koycegiz,Kaufmanetal2020,Pollen,
5438.86,2.48,4,Koycegiz,Kaufmanetal2020,Pollen,
8.81,0.00,5,Karamik,Kaufmanetal2020,Pollen,
85.09,-0.38,5,Karamik,Kaufmanetal2020,Pollen,
371.12,0.92,5,Karamik,Kaufmanetal2020,Pollen,
752.49,1.38,5,Karamik,Kaufmanetal2020,Pollen,
1133.87,0.59,5,Karamik,Kaufmanetal2020,Pollen,
1515.24,-1.21,5,Karamik,Kaufmanetal2020,Pollen,
1896.62,-3.28,5,Karamik,Kaufmanetal2020,Pollen,
2277.99,-3.20,5,Karamik,Kaufmanetal2020,Pollen,
2659.36,-4.98,5,Karamik,Kaufmanetal2020,Pollen,
3040.74,-4.46,5,Karamik,Kaufmanetal2020,Pollen,
3422.11,-4.65,5,Karamik,Kaufmanetal2020,Pollen,
3803.49,-2.28,5,Karamik,Kaufmanetal2020,Pollen,
4184.86,-3.99,5,Karamik,Kaufmanetal2020,Pollen,
4566.24,-1.17,5,Karamik,Kaufmanetal2020,Pollen,
4947.61,-3.20,5,Karamik,Kaufmanetal2020,Pollen,
5328.98,-3.33,5,Karamik,Kaufmanetal2020,Pollen,
5519.67,-1.78,5,Karamik,Kaufmanetal2020,Pollen,
5710.36,-3.30,5,Karamik,Kaufmanetal2020,Pollen,
5901.05,-2.66,5,Karamik,Kaufmanetal2020,Pollen,
6091.73,-5.91,5,Karamik,Kaufmanetal2020,Pollen,
6473.11,-5.40,5,Karamik,Kaufmanetal2020,Pollen,
6854.48,-6.32,5,Karamik,Kaufmanetal2020,Pollen,
7045.17,-0.24,5,Karamik,Kaufmanetal2020,Pollen,
7235.86,3.98,5,Karamik,Kaufmanetal2020,Pollen,
8257.53,-2.77,5,Karamik,Kaufmanetal2020,Pollen,
9088.52,1.57,5,Karamik,Kaufmanetal2020,Pollen,
9919.51,5.15,5,Karamik,Kaufmanetal2020,Pollen,
10750.50,7.56,5,Karamik,Kaufmanetal2020,Pollen,
7.26,0.00,6,Maleshevska,Kaufmanetal2020,Pollen,
502.76,1.02,6,Maleshevska,Kaufmanetal2020,Pollen,
998.27,1.17,6,Maleshevska,Kaufmanetal2020,Pollen,
1493.78,0.05,6,Maleshevska,Kaufmanetal2020,Pollen,
1989.29,-0.73,6,Maleshevska,Kaufmanetal2020,Pollen,
2484.79,-0.89,6,Maleshevska,Kaufmanetal2020,Pollen,
2761.39,-0.05,6,Maleshevska,Kaufmanetal2020,Pollen,
2819.08,0.55,6,Maleshevska,Kaufmanetal2020,Pollen,
2876.77,3.07,6,Maleshevska,Kaufmanetal2020,Pollen,
2934.46,0.55,6,Maleshevska,Kaufmanetal2020,Pollen,
2992.15,0.07,6,Maleshevska,Kaufmanetal2020,Pollen,
3049.84,-0.39,6,Maleshevska,Kaufmanetal2020,Pollen,
3107.53,2.44,6,Maleshevska,Kaufmanetal2020,Pollen,
3165.22,-0.25,6,Maleshevska,Kaufmanetal2020,Pollen,
3222.91,0.30,6,Maleshevska,Kaufmanetal2020,Pollen,
3280.60,0.75,6,Maleshevska,Kaufmanetal2020,Pollen,
3338.29,0.75,6,Maleshevska,Kaufmanetal2020,Pollen,
3395.98,0.14,6,Maleshevska,Kaufmanetal2020,Pollen,
3871.51,-0.21,6,Maleshevska,Kaufmanetal2020,Pollen,
4625.60,0.44,6,Maleshevska,Kaufmanetal2020,Pollen,
5379.69,-1.02,6,Maleshevska,Kaufmanetal2020,Pollen,
6133.78,0.79,6,Maleshevska,Kaufmanetal2020,Pollen,
6817.17,-1.55,6,Maleshevska,Kaufmanetal2020,Pollen,
6911.49,-0.76,6,Maleshevska,Kaufmanetal2020,Pollen,
6958.65,-0.66,6,Maleshevska,Kaufmanetal2020,Pollen,
7005.80,-0.67,6,Maleshevska,Kaufmanetal2020,Pollen,
7052.96,-1.28,6,Maleshevska,Kaufmanetal2020,Pollen,
7100.12,-0.77,6,Maleshevska,Kaufmanetal2020,Pollen,
7147.28,-1.05,6,Maleshevska,Kaufmanetal2020,Pollen,
7194.43,-1.21,6,Maleshevska,Kaufmanetal2020,Pollen,
7241.59,1.15,6,Maleshevska,Kaufmanetal2020,Pollen,
7288.75,-0.62,6,Maleshevska,Kaufmanetal2020,Pollen,
7335.90,-0.60,6,Maleshevska,Kaufmanetal2020,Pollen,
7383.06,-1.07,6,Maleshevska,Kaufmanetal2020,Pollen,
7430.22,-1.32,6,Maleshevska,Kaufmanetal2020,Pollen,
7472.66,-1.02,6,Maleshevska,Kaufmanetal2020,Pollen,
7519.82,0.51,6,Maleshevska,Kaufmanetal2020,Pollen,
7566.97,0.33,6,Maleshevska,Kaufmanetal2020,Pollen,
7614.13,-1.15,6,Maleshevska,Kaufmanetal2020,Pollen,
7661.29,-0.51,6,Maleshevska,Kaufmanetal2020,Pollen,
7708.44,-2.13,6,Maleshevska,Kaufmanetal2020,Pollen,
9.62,0.00,7,Straldzhamire,Kaufmanetal2020,Pollen,
90.74,-1.42,7,Straldzhamire,Kaufmanetal2020,Pollen,
193.53,-0.31,7,Straldzhamire,Kaufmanetal2020,Pollen,
321.83,-4.33,7,Straldzhamire,Kaufmanetal2020,Pollen,
472.90,-0.86,7,Straldzhamire,Kaufmanetal2020,Pollen,
643.29,0.60,7,Straldzhamire,Kaufmanetal2020,Pollen,
829.52,1.00,7,Straldzhamire,Kaufmanetal2020,Pollen,
1028.11,0.08,7,Straldzhamire,Kaufmanetal2020,Pollen,
1235.59,0.75,7,Straldzhamire,Kaufmanetal2020,Pollen,
1448.48,1.82,7,Straldzhamire,Kaufmanetal2020,Pollen,
1663.31,3.21,7,Straldzhamire,Kaufmanetal2020,Pollen,
1876.61,0.61,7,Straldzhamire,Kaufmanetal2020,Pollen,
2084.90,3.64,7,Straldzhamire,Kaufmanetal2020,Pollen,
2284.72,2.84,7,Straldzhamire,Kaufmanetal2020,Pollen,
2474.00,1.93,7,Straldzhamire,Kaufmanetal2020,Pollen,
2653.34,3.67,7,Straldzhamire,Kaufmanetal2020,Pollen,
2823.69,2.74,7,Straldzhamire,Kaufmanetal2020,Pollen,
3141.07,2.44,7,Straldzhamire,Kaufmanetal2020,Pollen,
3289.97,2.65,7,Straldzhamire,Kaufmanetal2020,Pollen,
3433.58,2.40,7,Straldzhamire,Kaufmanetal2020,Pollen,
3572.81,0.44,7,Straldzhamire,Kaufmanetal2020,Pollen,
3708.61,5.27,7,Straldzhamire,Kaufmanetal2020,Pollen,
3841.89,2.05,7,Straldzhamire,Kaufmanetal2020,Pollen,
3973.58,0.63,7,Straldzhamire,Kaufmanetal2020,Pollen,
4104.61,4.47,7,Straldzhamire,Kaufmanetal2020,Pollen,
4235.59,-0.11,7,Straldzhamire,Kaufmanetal2020,Pollen,
4366.56,-0.33,7,Straldzhamire,Kaufmanetal2020,Pollen,
53.50,0.00,8,Van_vanzeist,Kaufmanetal2020,Pollen,
251.33,-0.86,8,Van_vanzeist,Kaufmanetal2020,Pollen,
448.71,-0.68,8,Van_vanzeist,Kaufmanetal2020,Pollen,
645.19,-0.26,8,Van_vanzeist,Kaufmanetal2020,Pollen,
840.32,-0.65,8,Van_vanzeist,Kaufmanetal2020,Pollen,
1033.64,-0.02,8,Van_vanzeist,Kaufmanetal2020,Pollen,
1224.71,-0.04,8,Van_vanzeist,Kaufmanetal2020,Pollen,
1413.06,0.08,8,Van_vanzeist,Kaufmanetal2020,Pollen,
1598.25,0.23,8,Van_vanzeist,Kaufmanetal2020,Pollen,
1779.82,0.37,8,Van_vanzeist,Kaufmanetal2020,Pollen,
1957.33,0.36,8,Van_vanzeist,Kaufmanetal2020,Pollen,
2130.53,-0.01,8,Van_vanzeist,Kaufmanetal2020,Pollen,
2299.37,0.37,8,Van_vanzeist,Kaufmanetal2020,Pollen,
2463.80,-0.02,8,Van_vanzeist,Kaufmanetal2020,Pollen,
2623.77,0.37,8,Van_vanzeist,Kaufmanetal2020,Pollen,
2779.24,1.34,8,Van_vanzeist,Kaufmanetal2020,Pollen,
2930.16,-0.17,8,Van_vanzeist,Kaufmanetal2020,Pollen,
3076.48,0.69,8,Van_vanzeist,Kaufmanetal2020,Pollen,
3218.17,0.55,8,Van_vanzeist,Kaufmanetal2020,Pollen,
3355.16,0.78,8,Van_vanzeist,Kaufmanetal2020,Pollen,
3487.42,0.53,8,Van_vanzeist,Kaufmanetal2020,Pollen,
3614.91,0.05,8,Van_vanzeist,Kaufmanetal2020,Pollen,
3737.84,-0.47,8,Van_vanzeist,Kaufmanetal2020,Pollen,
3856.68,-0.34,8,Van_vanzeist,Kaufmanetal2020,Pollen,
3971.91,-0.36,8,Van_vanzeist,Kaufmanetal2020,Pollen,
4083.99,-0.01,8,Van_vanzeist,Kaufmanetal2020,Pollen,
4193.40,-0.44,8,Van_vanzeist,Kaufmanetal2020,Pollen,
4300.61,-0.46,8,Van_vanzeist,Kaufmanetal2020,Pollen,
4406.10,-0.53,8,Van_vanzeist,Kaufmanetal2020,Pollen,
4510.35,-0.48,8,Van_vanzeist,Kaufmanetal2020,Pollen,
4613.83,-0.48,8,Van_vanzeist,Kaufmanetal2020,Pollen,
4717.00,-0.52,8,Van_vanzeist,Kaufmanetal2020,Pollen,
4820.35,-0.42,8,Van_vanzeist,Kaufmanetal2020,Pollen,
4924.35,-0.37,8,Van_vanzeist,Kaufmanetal2020,Pollen,
5029.48,-0.30,8,Van_vanzeist,Kaufmanetal2020,Pollen,
5136.20,0.28,8,Van_vanzeist,Kaufmanetal2020,Pollen,
5245.00,-0.52,8,Van_vanzeist,Kaufmanetal2020,Pollen,
5356.34,-0.42,8,Van_vanzeist,Kaufmanetal2020,Pollen,
5470.70,-0.53,8,Van_vanzeist,Kaufmanetal2020,Pollen,
5588.56,-0.34,8,Van_vanzeist,Kaufmanetal2020,Pollen,
5710.39,-0.59,8,Van_vanzeist,Kaufmanetal2020,Pollen,
5836.66,-0.34,8,Van_vanzeist,Kaufmanetal2020,Pollen,
5967.86,-0.34,8,Van_vanzeist,Kaufmanetal2020,Pollen,
6104.44,-0.44,8,Van_vanzeist,Kaufmanetal2020,Pollen,
6246.86,2.11,8,Van_vanzeist,Kaufmanetal2020,Pollen,
6394.87,-0.53,8,Van_vanzeist,Kaufmanetal2020,Pollen,
6547.54,0.28,8,Van_vanzeist,Kaufmanetal2020,Pollen,
6703.91,1.03,8,Van_vanzeist,Kaufmanetal2020,Pollen,
6863.01,-0.52,8,Van_vanzeist,Kaufmanetal2020,Pollen,
7023.88,0.74,8,Van_vanzeist,Kaufmanetal2020,Pollen,
7185.56,0.69,8,Van_vanzeist,Kaufmanetal2020,Pollen,
7347.09,1.43,8,Van_vanzeist,Kaufmanetal2020,Pollen,
7507.49,0.73,8,Van_vanzeist,Kaufmanetal2020,Pollen,
7665.83,2.51,8,Van_vanzeist,Kaufmanetal2020,Pollen,
7821.47,2.57,8,Van_vanzeist,Kaufmanetal2020,Pollen,
7974.09,2.89,8,Van_vanzeist,Kaufmanetal2020,Pollen,
8123.39,3.50,8,Van_vanzeist,Kaufmanetal2020,Pollen,
8269.07,4.11,8,Van_vanzeist,Kaufmanetal2020,Pollen,
8410.83,2.70,8,Van_vanzeist,Kaufmanetal2020,Pollen,
8548.36,3.14,8,Van_vanzeist,Kaufmanetal2020,Pollen,
8809.53,3.12,8,Van_vanzeist,Kaufmanetal2020,Pollen,
8932.57,3.44,8,Van_vanzeist,Kaufmanetal2020,Pollen,
9050.16,3.71,8,Van_vanzeist,Kaufmanetal2020,Pollen,
9162.02,-0.05,8,Van_vanzeist,Kaufmanetal2020,Pollen,
9267.87,3.87,8,Van_vanzeist,Kaufmanetal2020,Pollen,
9368.12,2.06,8,Van_vanzeist,Kaufmanetal2020,Pollen,
9463.88,-0.76,8,Van_vanzeist,Kaufmanetal2020,Pollen,
9556.28,1.27,8,Van_vanzeist,Kaufmanetal2020,Pollen,
9646.46,1.12,8,Van_vanzeist,Kaufmanetal2020,Pollen,
9735.55,5.03,8,Van_vanzeist,Kaufmanetal2020,Pollen,
9824.67,6.68,8,Van_vanzeist,Kaufmanetal2020,Pollen,
9914.32,3.26,8,Van_vanzeist,Kaufmanetal2020,Pollen,
10004.41,4.40,8,Van_vanzeist,Kaufmanetal2021,Pollen,
-7.26,-0.07,9,Lailias,Kaufmanetal2020,Pollen,
36.64,0.07,9,Lailias,Kaufmanetal2020,Pollen,
81.25,0.59,9,Lailias,Kaufmanetal2020,Pollen,
127.28,0.58,9,Lailias,Kaufmanetal2020,Pollen,
175.46,2.05,9,Lailias,Kaufmanetal2020,Pollen,
226.48,3.84,9,Lailias,Kaufmanetal2020,Pollen,
281.07,0.41,9,Lailias,Kaufmanetal2020,Pollen,
340.10,0.34,9,Lailias,Kaufmanetal2020,Pollen,
404.97,0.21,9,Lailias,Kaufmanetal2020,Pollen,
477.25,3.51,9,Lailias,Kaufmanetal2020,Pollen,
558.45,5.90,9,Lailias,Kaufmanetal2020,Pollen,
650.13,5.95,9,Lailias,Kaufmanetal2020,Pollen,
753.82,3.94,9,Lailias,Kaufmanetal2020,Pollen,
871.06,7.49,9,Lailias,Kaufmanetal2020,Pollen,
1002.59,4.85,9,Lailias,Kaufmanetal2020,Pollen,
1146.41,4.25,9,Lailias,Kaufmanetal2020,Pollen,
1299.92,2.38,9,Lailias,Kaufmanetal2020,Pollen,
1460.54,3.93,9,Lailias,Kaufmanetal2020,Pollen,
1625.67,3.97,9,Lailias,Kaufmanetal2020,Pollen,
1792.73,5.40,9,Lailias,Kaufmanetal2020,Pollen,
1959.96,2.26,9,Lailias,Kaufmanetal2020,Pollen,
2127.20,2.67,9,Lailias,Kaufmanetal2020,Pollen,
2294.43,5.24,9,Lailias,Kaufmanetal2020,Pollen,
2461.66,4.74,9,Lailias,Kaufmanetal2020,Pollen,
2628.89,5.09,9,Lailias,Kaufmanetal2020,Pollen,
2796.12,6.47,9,Lailias,Kaufmanetal2020,Pollen,
2963.36,3.53,9,Lailias,Kaufmanetal2020,Pollen,
-1.79,0.00,10,Kupena,Kaufmanetal2020,Pollen,
1128.66,-0.03,10,Kupena,Kaufmanetal2020,Pollen,
2259.10,4.16,10,Kupena,Kaufmanetal2020,Pollen,
2978.88,5.03,10,Kupena,Kaufmanetal2020,Pollen,
3698.67,5.43,10,Kupena,Kaufmanetal2020,Pollen,
4418.45,3.54,10,Kupena,Kaufmanetal2020,Pollen,
5138.23,4.45,10,Kupena,Kaufmanetal2020,Pollen,
5858.01,4.28,10,Kupena,Kaufmanetal2020,Pollen,
6913.54,4.52,10,Kupena,Kaufmanetal2020,Pollen,
7969.07,6.44,10,Kupena,Kaufmanetal2020,Pollen,
9024.59,7.85,10,Kupena,Kaufmanetal2020,Pollen,
9595.99,6.62,10,Kupena,Kaufmanetal2020,Pollen,
141.80,0.00,11,GEOB7702_3,Castanedaetal2016,AirTemp,19thcenttakenas0
283.50,-0.17,11,GEOB7702_3,Castanedaetal2016,AirTemp,
374.90,-0.40,11,GEOB7702_3,Castanedaetal2016,AirTemp,
466.30,0.47,11,GEOB7702_3,Castanedaetal2016,AirTemp,
557.80,0.47,11,GEOB7702_3,Castanedaetal2016,AirTemp,
649.20,-0.15,11,GEOB7702_3,Castanedaetal2016,AirTemp,
722.30,-0.21,11,GEOB7702_3,Castanedaetal2016,AirTemp,
832.00,-0.41,11,GEOB7702_3,Castanedaetal2016,AirTemp,
923.50,-0.50,11,GEOB7702_3,Castanedaetal2016,AirTemp,
1014.90,0.64,11,GEOB7702_3,Castanedaetal2016,AirTemp,
1106.30,-0.47,11,GEOB7702_3,Castanedaetal2016,AirTemp,
1197.70,-0.11,11,GEOB7702_3,Castanedaetal2016,AirTemp,
1299.50,-0.72,11,GEOB7702_3,Castanedaetal2016,AirTemp,
1494.20,0.52,11,GEOB7702_3,Castanedaetal2016,AirTemp,
1688.90,-0.91,11,GEOB7702_3,Castanedaetal2016,AirTemp,
1883.70,-1.00,11,GEOB7702_3,Castanedaetal2016,AirTemp,
2078.40,-0.74,11,GEOB7702_3,Castanedaetal2016,AirTemp,
2273.10,-1.13,11,GEOB7702_3,Castanedaetal2016,AirTemp,
2467.90,-1.09,11,GEOB7702_3,Castanedaetal2016,AirTemp,
2662.60,-0.42,11,GEOB7702_3,Castanedaetal2016,AirTemp,
2804.90,-1.18,11,GEOB7702_3,Castanedaetal2016,AirTemp,
2912.20,-0.15,11,GEOB7702_3,Castanedaetal2016,AirTemp,
3019.60,-0.47,11,GEOB7702_3,Castanedaetal2016,AirTemp,
3126.90,-1.36,11,GEOB7702_3,Castanedaetal2016,AirTemp,
3191.30,-1.17,11,GEOB7702_3,Castanedaetal2016,AirTemp,
3341.60,-0.77,11,GEOB7702_3,Castanedaetal2016,AirTemp,
3499.50,-0.73,11,GEOB7702_3,Castanedaetal2016,AirTemp,
3652.90,-1.12,11,GEOB7702_3,Castanedaetal2016,AirTemp,
3883.00,-1.65,11,GEOB7702_3,Castanedaetal2016,AirTemp,
4074.70,-1.43,11,GEOB7702_3,Castanedaetal2016,AirTemp,
4266.50,-0.99,11,GEOB7702_3,Castanedaetal2016,AirTemp,
4458.20,-1.22,11,GEOB7702_3,Castanedaetal2016,AirTemp,
4649.90,-1.09,11,GEOB7702_3,Castanedaetal2016,AirTemp,
4803.30,0.18,11,GEOB7702_3,Castanedaetal2016,AirTemp,
5033.40,-0.22,11,GEOB7702_3,Castanedaetal2016,AirTemp,
5225.10,-0.98,11,GEOB7702_3,Castanedaetal2016,AirTemp,
5416.80,-0.40,11,GEOB7702_3,Castanedaetal2016,AirTemp,
5608.60,0.21,11,GEOB7702_3,Castanedaetal2016,AirTemp,
5800.30,0.65,11,GEOB7702_3,Castanedaetal2016,AirTemp,
5992.00,0.70,11,GEOB7702_3,Castanedaetal2016,AirTemp,
6222.10,0.15,11,GEOB7702_3,Castanedaetal2016,AirTemp,
6493.70,0.91,11,GEOB7702_3,Castanedaetal2016,AirTemp,
6730.00,1.18,11,GEOB7702_3,Castanedaetal2016,AirTemp,
7025.30,0.36,11,GEOB7702_3,Castanedaetal2016,AirTemp,
7261.70,0.90,11,GEOB7702_3,Castanedaetal2016,AirTemp,
7527.50,0.73,11,GEOB7702_3,Castanedaetal2016,AirTemp,
7882.00,1.30,11,GEOB7702_3,Castanedaetal2016,AirTemp,
8147.80,0.92,11,GEOB7702_3,Castanedaetal2016,AirTemp,
8554.30,0.72,11,GEOB7702_3,Castanedaetal2016,AirTemp,
9123.60,0.97,11,GEOB7702_3,Castanedaetal2016,AirTemp,
9744.70,0.96,11,GEOB7702_3,Castanedaetal2016,AirTemp,
10040,0.87,11,GEOB7702_4,Castanedaetal2017,AirTemp,
-50.00,0.00,12,VanAR,Stockhecke2021etal,SST,
50.00,0.98,12,VanAR,Stockhecke2021etal,SST,theageofthislineischangedfrom-50to50
150.00,2.45,12,VanAR,Stockhecke2021etal,SST,
150.00,0.76,12,VanAR,Stockhecke2021etal,SST,
340.00,-0.10,12,VanAR,Stockhecke2021etal,SST,
650.00,-9.51,12,VanAR,Stockhecke2021etal,SST,
710.00,-0.13,12,VanAR,Stockhecke2021etal,SST,
760.00,-1.94,12,VanAR,Stockhecke2021etal,SST,
810.00,-5.47,12,VanAR,Stockhecke2021etal,SST,
3000.00,2.95,12,VanAR,Stockhecke2021etal,SST,
4110.00,5.16,12,VanAR,Stockhecke2021etal,SST,
6750.00,4.54,12,VanAR,Stockhecke2021etal,SST,
7400.00,4.08,12,VanAR,Stockhecke2021etal,SST,
8100.00,6.67,12,VanAR,Stockhecke2021etal,SST,
9630.00,5.09,12,VanAR,Stockhecke2021etal,SST,
9980.00,1.65,12,VanAR,Stockhecke2021etal,SST,
105.30,0.00,13,M44KL71,Sperlingetal2003,SST,19thcenttakenas0
524.87,-0.30,13,M44KL71,Sperlingetal2003,SST,
1143.50,1.10,13,M44KL71,Sperlingetal2003,SST,
1548.60,1.40,13,M44KL71,Sperlingetal2003,SST,
2144.50,0.70,13,M44KL71,Sperlingetal2003,SST,
2631.60,0.50,13,M44KL71,Sperlingetal2003,SST,
3109.60,-0.40,13,M44KL71,Sperlingetal2003,SST,
3577.70,-1.30,13,M44KL71,Sperlingetal2003,SST,
4037.10,-1.30,13,M44KL71,Sperlingetal2003,SST,
4487.80,0.80,13,M44KL71,Sperlingetal2003,SST,
4928.30,0.70,13,M44KL71,Sperlingetal2003,SST,
5102.20,0.40,13,M44KL71,Sperlingetal2003,SST,
5274.40,-0.70,13,M44KL71,Sperlingetal2003,SST,
5445.50,0.70,13,M44KL71,Sperlingetal2003,SST,
5614.70,2.10,13,M44KL71,Sperlingetal2003,SST,
5783.00,1.00,13,M44KL71,Sperlingetal2003,SST,
5949.10,1.30,13,M44KL71,Sperlingetal2003,SST,
6114.60,2.10,13,M44KL71,Sperlingetal2003,SST,
6359.00,1.10,13,M44KL71,Sperlingetal2003,SST,
6600.30,-0.10,13,M44KL71,Sperlingetal2003,SST,
6760.10,1.90,13,M44KL71,Sperlingetal2003,SST,
6917.10,1.20,13,M44KL71,Sperlingetal2003,SST,
7073.80,2.50,13,M44KL71,Sperlingetal2003,SST,
7228.10,3.20,13,M44KL71,Sperlingetal2003,SST,
7381.70,4.50,13,M44KL71,Sperlingetal2003,SST,
7533.20,2.60,13,M44KL71,Sperlingetal2003,SST,
7683.80,2.70,13,M44KL71,Sperlingetal2003,SST,
7832.40,3.20,13,M44KL71,Sperlingetal2003,SST,
7980.00,2.30,13,M44KL71,Sperlingetal2003,SST,
8125.70,-0.40,13,M44KL71,Sperlingetal2003,SST,
8270.30,3.70,13,M44KL71,Sperlingetal2003,SST,
8413.20,4.20,13,M44KL71,Sperlingetal2003,SST,
8553.20,4.50,13,M44KL71,Sperlingetal2003,SST,
8690.40,3.20,13,M44KL71,Sperlingetal2003,SST,
8758.60,5.30,13,M44KL71,Sperlingetal2003,SST,
8891.40,3.20,13,M44KL71,Sperlingetal2003,SST,
9023.90,1.10,13,M44KL71,Sperlingetal2003,SST,
9089.70,-2.80,13,M44KL71,Sperlingetal2003,SST,
9418.00,-2.40,13,M44KL71,Sperlingetal2003,SST,
9679.80,-2.20,13,M44KL71,Sperlingetal2003,SST,
9876.00,-8.30,13,M44KL71,Sperlingetal2003,SST,
10072.00,-6.60,13,M44KL72,Sperlingetal2004,SST,
-60.00,0.78,14,MEDECOSIIM2,Gogouetal2016,SST,Avgof9valuesfor20thcent
-53.00,-0.42,14,MEDECOSIIM2,Gogouetal2016,SST,
-45.00,-0.52,14,MEDECOSIIM2,Gogouetal2016,SST,
-38.00,-0.22,14,MEDECOSIIM2,Gogouetal2016,SST,
-30.00,0.18,14,MEDECOSIIM2,Gogouetal2016,SST,
-23.00,0.38,14,MEDECOSIIM2,Gogouetal2016,SST,
-15.00,0.58,14,MEDECOSIIM2,Gogouetal2016,SST,
-8.00,-0.12,14,MEDECOSIIM2,Gogouetal2016,SST,
-1.00,-0.62,14,MEDECOSIIM2,Gogouetal2016,SST,
7.00,-0.62,14,MEDECOSIIM2,Gogouetal2016,SST,
14.00,-0.72,14,MEDECOSIIM2,Gogouetal2016,SST,
22.00,-1.22,14,MEDECOSIIM2,Gogouetal2016,SST,
29.00,-1.02,14,MEDECOSIIM2,Gogouetal2016,SST,
37.00,-1.02,14,MEDECOSIIM2,Gogouetal2016,SST,
44.00,-1.32,14,MEDECOSIIM2,Gogouetal2016,SST,
51.00,-0.92,14,MEDECOSIIM2,Gogouetal2016,SST,
59.00,-1.12,14,MEDECOSIIM2,Gogouetal2016,SST,
66.00,-0.72,14,MEDECOSIIM2,Gogouetal2016,SST,
74.00,-1.12,14,MEDECOSIIM2,Gogouetal2016,SST,
81.00,-0.62,14,MEDECOSIIM2,Gogouetal2016,SST,
89.00,-1.22,14,MEDECOSIIM2,Gogouetal2016,SST,
96.00,-0.82,14,MEDECOSIIM2,Gogouetal2016,SST,
103.00,-1.32,14,MEDECOSIIM2,Gogouetal2016,SST,
111.00,-1.62,14,MEDECOSIIM2,Gogouetal2016,SST,
118.00,-3.02,14,MEDECOSIIM2,Gogouetal2016,SST,
126.00,-1.22,14,MEDECOSIIM2,Gogouetal2016,SST,
133.00,-1.62,14,MEDECOSIIM2,Gogouetal2016,SST,
141.00,-1.72,14,MEDECOSIIM2,Gogouetal2016,SST,
148.00,-1.22,14,MEDECOSIIM2,Gogouetal2016,SST,
155.00,-1.12,14,MEDECOSIIM2,Gogouetal2016,SST,
163.00,-1.02,14,MEDECOSIIM2,Gogouetal2016,SST,
170.00,-1.52,14,MEDECOSIIM2,Gogouetal2016,SST,
178.00,-1.72,14,MEDECOSIIM2,Gogouetal2016,SST,
185.00,-1.92,14,MEDECOSIIM2,Gogouetal2016,SST,
193.00,-1.52,14,MEDECOSIIM2,Gogouetal2016,SST,
200.00,-1.92,14,MEDECOSIIM2,Gogouetal2016,SST,
211.00,-1.72,14,MEDECOSIIM2,Gogouetal2016,SST,
222.00,-1.92,14,MEDECOSIIM2,Gogouetal2016,SST,
233.00,-2.32,14,MEDECOSIIM2,Gogouetal2016,SST,
244.00,-2.02,14,MEDECOSIIM2,Gogouetal2016,SST,
256.00,-2.22,14,MEDECOSIIM2,Gogouetal2016,SST,
267.00,-1.72,14,MEDECOSIIM2,Gogouetal2016,SST,
278.00,-1.62,14,MEDECOSIIM2,Gogouetal2016,SST,
289.00,-1.42,14,MEDECOSIIM2,Gogouetal2016,SST,
300.00,-1.72,14,MEDECOSIIM2,Gogouetal2016,SST,
311.00,-1.82,14,MEDECOSIIM2,Gogouetal2016,SST,
322.00,0.08,14,MEDECOSIIM2,Gogouetal2016,SST,
333.00,-0.72,14,MEDECOSIIM2,Gogouetal2016,SST,
344.00,0.38,14,MEDECOSIIM2,Gogouetal2016,SST,
356.00,0.98,14,MEDECOSIIM2,Gogouetal2016,SST,
366.00,-0.92,14,MEDECOSIIM2,Gogouetal2016,SST,
377.00,-0.72,14,MEDECOSIIM2,Gogouetal2016,SST,
388.00,-1.12,14,MEDECOSIIM2,Gogouetal2016,SST,
398.00,-1.12,14,MEDECOSIIM2,Gogouetal2016,SST,
409.00,-1.22,14,MEDECOSIIM2,Gogouetal2016,SST,
420.00,-1.12,14,MEDECOSIIM2,Gogouetal2016,SST,
430.00,-1.32,14,MEDECOSIIM2,Gogouetal2016,SST,
441.00,-1.42,14,MEDECOSIIM2,Gogouetal2016,SST,
452.00,-0.62,14,MEDECOSIIM2,Gogouetal2016,SST,
462.00,-0.82,14,MEDECOSIIM2,Gogouetal2016,SST,
473.00,-0.72,14,MEDECOSIIM2,Gogouetal2016,SST,
484.00,-1.12,14,MEDECOSIIM2,Gogouetal2016,SST,
494.00,-0.52,14,MEDECOSIIM2,Gogouetal2016,SST,
505.00,-1.02,14,MEDECOSIIM2,Gogouetal2016,SST,
528.00,-0.32,14,MEDECOSIIM2,Gogouetal2016,SST,
552.00,-1.42,14,MEDECOSIIM2,Gogouetal2016,SST,
575.00,-0.12,14,MEDECOSIIM2,Gogouetal2016,SST,
598.00,-1.32,14,MEDECOSIIM2,Gogouetal2016,SST,
621.00,-0.62,14,MEDECOSIIM2,Gogouetal2016,SST,
645.00,-0.92,14,MEDECOSIIM2,Gogouetal2016,SST,
668.00,-1.02,14,MEDECOSIIM2,Gogouetal2016,SST,
691.00,-1.02,14,MEDECOSIIM2,Gogouetal2016,SST,
715.00,-1.42,14,MEDECOSIIM2,Gogouetal2016,SST,
738.00,-1.12,14,MEDECOSIIM2,Gogouetal2016,SST,
761.00,-1.22,14,MEDECOSIIM2,Gogouetal2016,SST,
785.00,-1.52,14,MEDECOSIIM2,Gogouetal2016,SST,
808.00,-1.02,14,MEDECOSIIM2,Gogouetal2016,SST,
831.00,-1.82,14,MEDECOSIIM2,Gogouetal2016,SST,
854.00,-1.32,14,MEDECOSIIM2,Gogouetal2016,SST,
878.00,-1.72,14,MEDECOSIIM2,Gogouetal2016,SST,
901.00,-1.12,14,MEDECOSIIM2,Gogouetal2016,SST,
924.00,-1.42,14,MEDECOSIIM2,Gogouetal2016,SST,
948.00,-1.02,14,MEDECOSIIM2,Gogouetal2016,SST,
971.00,-1.12,14,MEDECOSIIM2,Gogouetal2016,SST,
994.00,-1.12,14,MEDECOSIIM2,Gogouetal2016,SST,
1018.00,-0.92,14,MEDECOSIIM2,Gogouetal2016,SST,
1056.00,-1.72,14,MEDECOSIIM2,Gogouetal2016,SST,
1094.00,-1.82,14,MEDECOSIIM2,Gogouetal2016,SST,
1133.00,-2.12,14,MEDECOSIIM2,Gogouetal2016,SST,
1172.00,-1.62,14,MEDECOSIIM2,Gogouetal2016,SST,
1210.00,-2.02,14,MEDECOSIIM2,Gogouetal2016,SST,
1248.00,-1.72,14,MEDECOSIIM2,Gogouetal2016,SST,
1287.00,-2.32,14,MEDECOSIIM2,Gogouetal2016,SST,
1326.00,-0.92,14,MEDECOSIIM2,Gogouetal2016,SST,
1364.00,-1.52,14,MEDECOSIIM2,Gogouetal2016,SST,
1402.00,-1.22,14,MEDECOSIIM2,Gogouetal2016,SST,
0.00,0.00,15,POS362233,Blanchetetal2016,SST,
1260.00,-3.88,15,POS362233,Blanchetetal2016,SST,
1880.00,-4.41,15,POS362233,Blanchetetal2016,SST,
3140.00,-3.06,15,POS362233,Blanchetetal2016,SST,
3770.00,-4.02,15,POS362233,Blanchetetal2016,SST,
6110.00,-2.49,15,POS362233,Blanchetetal2016,SST,
6560.00,-3.74,15,POS362233,Blanchetetal2016,SST,
7010.00,-3.15,15,POS362233,Blanchetetal2016,SST,
7340.00,-2.73,15,POS362233,Blanchetetal2016,SST,
7510.00,-3.84,15,POS362233,Blanchetetal2016,SST,
7910.00,-1.05,15,POS362233,Blanchetetal2016,SST,
8000.00,-2.40,15,POS362233,Blanchetetal2016,SST,
8060.00,-4.86,15,POS362233,Blanchetetal2016,SST,
8110.00,-4.26,15,POS362233,Blanchetetal2016,SST,
8170.00,-2.21,15,POS362233,Blanchetetal2016,SST,
8240.00,-1.93,15,POS362233,Blanchetetal2016,SST,
8240.00,-3.53,15,POS362233,Blanchetetal2016,SST,
8330.00,-3.87,15,POS362233,Blanchetetal2016,SST,
8530.00,-3.05,15,POS362233,Blanchetetal2016,SST,
8560.00,-1.64,15,POS362233,Blanchetetal2016,SST,
8590.00,-4.73,15,POS362233,Blanchetetal2016,SST,
8660.00,-4.08,15,POS362233,Blanchetetal2016,SST,
8690.00,-5.53,15,POS362233,Blanchetetal2016,SST,
8710.00,-5.22,15,POS362233,Blanchetetal2016,SST,
8760.00,-3.03,15,POS362233,Blanchetetal2016,SST,
8810.00,-4.18,15,POS362233,Blanchetetal2016,SST,
8860.00,-4.07,15,POS362233,Blanchetetal2016,SST,
8870.00,-5.18,15,POS362233,Blanchetetal2016,SST,
8890.00,-4.22,15,POS362233,Blanchetetal2016,SST,
8940.00,-0.71,15,POS362233,Blanchetetal2016,SST,
9000.00,-5.42,15,POS362233,Blanchetetal2016,SST,
9090.00,-3.97,15,POS362233,Blanchetetal2016,SST,
9180.00,-4.35,15,POS362233,Blanchetetal2016,SST,
9230.00,-1.11,15,POS362233,Blanchetetal2016,SST,
9290.00,-3.95,15,POS362233,Blanchetetal2016,SST,
9370.00,-1.76,15,POS362233,Blanchetetal2016,SST,
9400.00,-6.30,15,POS362233,Blanchetetal2016,SST,
9450.00,-4.28,15,POS362233,Blanchetetal2016,SST,
9550.00,-2.50,15,POS362233,Blanchetetal2016,SST,
700.00,-0.50,16,Documentary,Teleis2005,AirTemp,
800.00,-0.50,16,Documentary,Teleis2005,AirTemp,
900.00,-0.50,16,Documentary,Teleis2005,AirTemp,
1300.00,-0.50,16,Documentary,Teleis2005,AirTemp,
